DATE,X/Longitude,Y/Latitude,Z/Altitude,Error(m),X_error,Y_error,Z_error
1300,118.578926,32.05736808,145.3,0.343379647,-0.164904281,-0.14647381,-0.263175964
1301,118.5789279,32.05736692,145.26,0.347773671,-0.146956891,-0.166666701,-0.267530203
1302,118.5789851,32.05735546,145.1,0.297935754,-0.218706727,-0.116085283,-0.165702417
1303,118.5791004,32.05733761,144.98,0.22746481,-0.216951415,-0.062851235,0.026870808
1304,118.5792078,32.05732222,145.34,0.391418785,-0.280277133,-0.043447293,0.269751221
1305,118.5793154,32.05730685,145.63,0.614226758,-0.338669151,0.004325326,0.512405097
1306,118.579336,32.05730516,145.69,0.707545936,-0.377105445,0.036902614,0.597537398
1307,118.5795635,32.05745347,144.58,1.172958612,-0.612865865,0.058067393,0.998426437
1308,118.5794824,32.05746035,144.11,0.956394434,-0.557449281,0.029718952,0.776567698
1309,118.5793689,32.05747551,144.01,0.6591236,-0.409970909,0.034004916,0.514986873
1310,118.5792616,32.05748965,144.11,0.498868465,-0.361433983,-0.002959174,0.343840718
1311,118.5791533,32.05750461,144.2,0.388812274,-0.336692452,-0.065945968,0.182932496
1312,118.5790427,32.05751895,144.16,0.373365402,-0.353391826,-0.1198228,-0.012586858
1313,118.5789353,32.05753265,143.96,0.316917986,-0.209552422,-0.144667104,-0.188669637
1314,118.5788272,32.05754741,143.98,0.393237799,-0.117689393,-0.190439612,-0.323292315
1315,118.5787502,32.05755733,143.93,0.479159981,-0.11825645,-0.200727612,-0.418710083
1316,118.5785841,32.05775838,144.07,0.520026922,-0.009577385,-0.168014169,-0.49204421
1317,118.5786613,32.05774362,143.97,0.482405454,-0.00062433,-0.227590308,-0.425343722
1318,118.578776,32.05772878,143.83,0.385284901,-0.163207412,-0.139074698,-0.320103139
1319,118.5788833,32.057715,143.96,0.270719856,-0.181811094,-0.13808164,-0.145490304
1320,118.5789916,32.05770048,144.16,0.264923662,-0.177600741,-0.180106595,0.078766346
1321,118.5791016,32.05768432,144.32,0.349740028,-0.205280334,-0.146242589,0.242468908
1322,118.57921,32.05767061,144.45,0.5048033,-0.237046331,-0.109254301,0.432086706
1323,118.5793179,32.05765703,144.26,0.660330772,-0.315642685,-0.078885809,0.574615955
1324,118.5794261,32.0576417,144.02,0.806884527,-0.319211304,-0.004883596,0.74104178
1325,118.5795349,32.05762691,143.94,0.928128719,-0.177908897,0.050214298,0.909532785
1326,118.5796458,32.05761156,143.91,1.122955322,-0.134560764,0.109386414,1.109484911
1327,118.5797527,32.05759631,143.95,1.128174543,0.087311879,0.070297092,1.122591972
1328,118.579801,32.05758775,144.14,1.046432853,0.191531584,-0.179807097,1.012919903
1329,118.5796154,32.05779098,142.93,1.121758103,-0.319276631,0.033528931,1.074839234
1330,118.5795071,32.05780577,142.93,0.897272468,-0.287171841,0.053772181,0.848374188
1331,118.5793988,32.05782062,142.99,0.742858589,-0.324222863,0.021632764,0.668019772
1332,118.5792912,32.05783607,143.04,0.563007176,-0.282441378,0.004342945,0.487016469
1333,118.5791814,32.05785068,143.25,0.451928437,-0.255929679,-0.059185855,0.367744952
1334,118.5790729,32.05786483,143.22,0.325648814,-0.215442762,-0.129813209,0.206833512
1335,118.5789631,32.05787974,143.37,0.242782563,-0.205373242,-0.116525255,0.056454144
1336,118.5788545,32.05789474,143.58,0.315288216,-0.20641169,-0.219339848,-0.093225017
1337,118.5787441,32.05790966,143.53,0.4079386,-0.142600298,-0.305321127,-0.229908809
1338,118.5786364,32.05792375,143.07,0.468924373,-0.013398122,-0.28035298,-0.37564981
1339,118.5785285,32.05793865,142.65,0.600845098,0.041538149,-0.286331594,-0.526596248
1340,118.578423,32.05795249,142.59,0.712278008,0.096918136,-0.263425142,-0.654640377
1341,118.5784051,32.05795605,142.58,0.738754869,0.064507,-0.290310174,-0.676252604
1342,118.5782391,32.05815659,143.02,0.655092478,0.096459568,-0.313417435,-0.567107737
1343,118.5783138,32.05814408,142.86,0.638392806,0.014489818,-0.331556529,-0.545349121
1344,118.5784284,32.05812867,142.61,0.605332196,-0.047412425,-0.331817836,-0.504059553
1345,118.5785381,32.05811327,142.53,0.512352049,-0.103556901,-0.289250672,-0.410017878
1346,118.5786469,32.05809898,142.3,0.402491242,-0.085350454,-0.235697865,-0.314898431
1347,118.578755,32.05808493,142.12,0.365354776,-0.164692476,-0.234513491,-0.226636097
1348,118.5788635,32.0580705,142.02,0.33854726,-0.201315984,-0.253229469,-0.09980458
1349,118.5789726,32.05805455,142.22,0.30097881,-0.172018901,-0.244335398,0.036027037
1350,118.5790826,32.0580403,142.4,0.333957523,-0.186116397,-0.196273953,0.195869461
1351,118.5791918,32.05802589,142.6,0.530209661,-0.317970872,-0.217169881,0.364491493
1352,118.5793,32.05801084,142.7,0.680442631,-0.319199502,-0.207331002,0.564028144
1353,118.5794084,32.05799696,142.94,0.841152847,-0.321361512,-0.097687148,0.771182299
1354,118.5795166,32.05798212,143.13,1.061893225,-0.290088385,-0.048949655,1.020328283
1355,118.5796267,32.05796735,143.16,1.197379589,0.059756231,-0.070844628,1.193787336
1356,118.5804912,32.05802833,142.78,0.336962909,0.024538985,0.042037312,-0.333428711
1357,118.5804079,32.05803626,142.62,0.275073618,-0.054747134,-0.031387568,-0.267736942
1358,118.580296,32.05805206,142.38,0.302984506,0.029290514,-0.022395095,-0.300732642
1359,118.580189,32.05806644,142.4,0.340050846,0.002672395,0.053202331,-0.335852563
1360,118.5796469,32.0581407,142.01,1.214610338,0.027898038,-0.121260397,1.208220124
1361,118.5795374,32.0581559,141.97,1.081037879,-0.47644937,0.124132283,0.962408483
1362,118.5794292,32.05817022,141.92,0.92044878,-0.528907776,0.01307806,0.753200769
1363,118.57932,32.05818536,141.8,0.704041243,-0.45317322,-0.098946258,0.529639244
1364,118.5792111,32.05820056,141.77,0.514608622,-0.385836184,-0.161418721,0.299827337
1365,118.5791028,32.05821462,141.74,0.383971155,-0.281744719,-0.210252926,0.154426277
1366,118.5789922,32.05822909,141.76,0.342116565,-0.251030445,-0.228678808,0.041634902
1367,118.5788837,32.05824394,141.79,0.358414531,-0.278644025,-0.210137695,-0.081612639
1368,118.5787755,32.05825843,141.62,0.428459466,-0.249657363,-0.244428098,-0.247999221
1369,118.5786657,32.0582723,141.65,0.434874505,-0.178277671,-0.203752771,-0.340319991
1370,118.5785578,32.05828738,141.52,0.451620907,-0.135118425,-0.156106919,-0.40166539
1371,118.5784485,32.05830183,141.25,0.517965972,-0.052490972,-0.171885192,-0.485786885
1372,118.57834,32.05831597,141.21,0.616414666,0.049009863,-0.223238334,-0.572476804
1373,118.5782315,32.05833071,141.19,0.640612125,0.059253238,-0.17483893,-0.61343646
1374,118.5781233,32.05834551,141.17,0.692308307,-0.081040919,-0.125266954,-0.676040947
1375,118.5780599,32.05835459,141.04,0.702557385,-0.051865242,-0.141378224,-0.686228156
1376,118.5778935,32.05855506,141.99,0.632972538,-0.058915466,-0.166984394,-0.607700109
1377,118.5779684,32.05854227,141.82,0.632143021,-0.064245857,-0.212716222,-0.591801584
1378,118.5780845,32.05852711,141.5,0.563302577,-0.082230821,-0.130578265,-0.541753829
1379,118.5781932,32.05851233,141.59,0.461160243,-0.110270903,-0.076429583,-0.441211522
1380,118.578301,32.05849843,141.66,0.395784229,-0.095555879,-0.114963062,-0.366466552
1381,118.5784099,32.05848372,141.68,0.272166431,-0.092185199,-0.047806308,-0.251577049
1382,118.5785192,32.05846889,141.86,0.175570607,-0.120282039,-0.022102691,-0.125971183
1383,118.578627,32.05845512,141.85,0.278107285,-0.232858852,-0.13822709,-0.063353673
1384,118.578736,32.05844071,141.67,0.38349089,-0.361427605,-0.128186792,-0.00187298
1385,118.5788467,32.05842554,141.72,0.40569371,-0.370462447,-0.105808288,0.127081022
1386,118.5789555,32.05841037,141.78,0.479572505,-0.350569963,-0.112526581,0.307291836
1387,118.5790643,32.0583959,141.99,0.580947459,-0.296159625,-0.054242127,0.496837169
1388,118.579173,32.05838067,141.91,0.687261343,-0.236390799,0.003234583,0.645319402
1389,118.5792806,32.05836412,142.25,0.821719229,-0.092473887,0.090427175,0.811476409
1390,118.5793904,32.05835078,142.28,1.055769444,0.10118515,0.316192091,1.002214193
1391,118.5798234,32.05829353,141.48,0.106364876,0.017163282,0.009388776,-0.104550272
1392,118.5799342,32.05828016,141.72,0.259808958,0.01265478,0.044419937,-0.255670518
1393,118.5801516,32.05825053,141.51,0.402448893,0.222226262,0.235814214,-0.238688588
1394,118.5802602,32.0582355,141.66,0.45095402,0.187442735,0.387267321,-0.135087982
1395,118.5803696,32.05822134,141.65,0.376425147,0.160570607,0.334784031,-0.061908163
1396,118.5804793,32.05820689,141.53,0.199373454,-0.156401291,0.04455081,-0.115341388
1397,118.5805873,32.05819253,141.39,0.18151626,-0.122315064,-0.051705882,-0.123748459
1398,118.5806958,32.05817767,141.28,0.130646139,-0.055932995,-0.003028604,-0.118028559
1399,118.5807297,32.05816998,141.37,0.128004119,-0.063883156,-0.046943001,-0.100500517
1400,118.5809556,32.05832138,140.78,0.360975176,-0.218632117,0.283877969,0.043776426
1401,118.5808738,32.05832942,140.87,0.321016103,-0.285905242,0.144396529,0.021428106
1402,118.5807618,32.05834525,140.85,0.223450199,-0.220572412,-0.016032867,0.031949122
1403,118.5806545,32.0583607,140.69,0.342044145,-0.297096282,-0.1685002,-0.018321658
1404,118.580546,32.05837436,140.5,0.434602022,-0.415681422,-0.080354549,-0.098137751
1405,118.5804369,32.05838893,140.4,0.474590987,-0.42557165,-0.066923946,-0.199114457
1406,118.5803273,32.0584037,140.48,0.473098874,-0.382419229,-0.087021686,-0.264585167
1407,118.5802186,32.05841826,140.48,0.546688795,-0.394877464,-0.162238821,-0.341495275
1408,118.5801099,32.05843321,140.55,0.499307722,-0.338716656,-0.134350538,-0.341363698
1409,118.5800018,32.05844841,140.51,0.311686963,-0.150885791,-0.112191491,-0.24858661
1410,118.5798912,32.05846326,140.53,0.258200616,-0.147969767,-0.012415298,-0.211230606
1411,118.5797825,32.0584774,140.4,0.287374079,-0.20493868,-0.10304071,-0.173108682
1412,118.5796746,32.05849166,140.34,0.528039992,0.082729906,-0.189225972,-0.485978901
1413,118.5795658,32.05850664,140.29,0.779848814,0.311054498,0.332712084,-0.633018076
1414,118.579457,32.05852123,140.36,0.866245985,0.359447598,0.278410524,0.737337828
1415,118.5793465,32.05853586,140.74,0.793687642,0.243618339,0.13964206,0.742354512
1416,118.5792381,32.05855058,141.05,0.748174489,0.237150088,0.00114847,0.709594011
1417,118.5791291,32.05856512,141.16,0.698144197,0.054299321,0.003808423,0.696018994
1418,118.5790206,32.05857972,141.12,0.631852806,-0.114343576,0.053460393,0.619116724
1419,118.5789128,32.05859448,140.9,0.53776449,-0.232313484,-0.030424954,0.484040707
1420,118.5788015,32.05860919,140.99,0.468874216,-0.274648726,-0.073211066,0.372895747
1421,118.578693,32.05862348,141.1,0.412613899,-0.259319425,-0.126004115,0.295172215
1422,118.5785838,32.05863835,141.28,0.365348071,-0.227980971,-0.109742105,0.263553739
1423,118.5784756,32.05865268,141.46,0.261423379,-0.096344456,-0.102864034,0.220179275
1424,118.5783669,32.05866707,141.54,0.255547434,-0.141748518,-0.142779768,0.157562017
1425,118.5782558,32.05868187,141.7,0.28124401,-0.204784408,-0.156759292,0.112196572
1426,118.5781474,32.05869725,141.58,0.226563811,-0.102892525,-0.19740884,0.042119291
1427,118.5780396,32.05871181,141.15,0.24628821,-0.071586505,-0.230603486,-0.048531309
1428,118.5779324,32.05872564,141.03,0.248176023,-0.076918706,-0.216815427,-0.093090959
1429,118.5778231,32.05874015,141.33,0.311439663,-0.081538752,-0.267242193,-0.137577981
1430,118.5777225,32.05875446,141.46,0.364135802,-0.095183387,-0.316382438,-0.153091967
1431,118.577715,32.05875656,141.55,0.343944818,-0.067475162,-0.306167334,-0.141445071
1432,118.5775485,32.05895861,141.26,0.133018494,-0.005005437,-0.121666752,-0.053535637
1433,118.5776194,32.05894354,140.9,0.231980696,-0.039848242,-0.217732698,-0.069423556
1434,118.5777378,32.0589271,140.9,0.30114308,0.024408646,-0.292849839,-0.065805398
1435,118.5778441,32.05891326,141.36,0.293480784,-0.003670483,-0.292352438,-0.025447091
1436,118.5779521,32.05889946,141.53,0.268172026,0.007461107,-0.266488433,0.029059725
1437,118.5780608,32.05888515,141.61,0.2896927,-0.102982469,-0.236960486,0.131019831
1438,118.5781701,32.05887073,141.48,0.287894338,-0.125476941,-0.181638777,0.184786454
1439,118.5782786,32.05885611,141.28,0.315574348,-0.16805777,-0.186041608,0.191656679
1440,118.5783876,32.05884149,141.18,0.398531646,-0.25437364,-0.156816274,0.263685763
1441,118.578496,32.05882708,141.13,0.472719193,-0.356556058,-0.077524088,0.300534934
1442,118.5786046,32.05881277,141.01,0.562125325,-0.38364622,0.031695902,0.409628928
1443,118.5787145,32.05879747,141.09,0.569183648,-0.225846708,-0.014433641,0.522259474
1444,118.578823,32.05878351,141.07,0.636318147,-0.144326374,-0.021095503,0.619375229
1445,118.578932,32.05876909,140.87,0.689995527,-0.071307823,0.027869146,0.685734868
1446,118.5790403,32.05875456,140.84,0.772593319,0.09299133,0.042811774,0.765780747
1447,118.579149,32.05873999,140.89,0.879054785,0.376752436,0.075541422,0.790625274
1448,118.5792594,32.05872505,140.97,0.973771691,0.463387847,0.140018031,0.844924808
1449,118.5793677,32.05871075,141,1.165625215,0.20596464,0.256831825,1.118167281
1450,118.5795845,32.05868327,141,0.574272633,0.079457641,-0.552980542,-0.132996604
1451,118.5796934,32.0586677,141.13,0.166509897,-0.121099293,0.080805741,0.080814235
1452,118.5798035,32.05865365,141.34,0.152439952,-0.122256197,0.010906049,0.090401433
1453,118.5799116,32.05863937,141.15,0.157280043,-0.015301066,-0.155545861,-0.017560581
1454,118.5800202,32.05862456,140.87,0.347780973,-0.101298898,-0.307515144,-0.126982599
1455,118.5801285,32.05861005,140.77,0.414421707,-0.17449522,-0.318381578,-0.199824825
1456,118.5802392,32.05859546,140.86,0.46754232,-0.194317773,-0.346436709,-0.24661316
1457,118.5803483,32.05858029,140.97,0.396787673,-0.185303733,-0.274749964,-0.218209609
1458,118.5804567,32.0585658,141.17,0.398933351,-0.172829971,-0.294168204,-0.206743032
1459,118.5805647,32.05855121,140.97,0.41418609,-0.172991678,-0.324773103,-0.190122098
1460,118.5806741,32.05853625,140.88,0.430079818,-0.208758458,-0.306531161,-0.217777878
1461,118.5807824,32.05852177,140.89,0.35147351,-0.154805645,-0.235755235,-0.209733903
1462,118.5808926,32.05850686,140.83,0.338550746,-0.162938431,-0.187363729,-0.230135873
1463,118.5810016,32.05849239,140.84,0.325620174,-0.155247644,-0.136550218,-0.251556575
1464,118.5811097,32.05847773,140.79,0.328662723,-0.189520955,-0.091665499,-0.252385467
1465,118.5811902,32.0584631,140.93,0.287307441,-0.133251622,0.008615899,-0.254392087
1466,118.581419,32.0586142,141.08,0.226569772,-0.048186921,0.143473253,-0.168604001
1467,118.5813374,32.0586225,141.24,0.300781518,-0.157975137,0.156332254,-0.202666238
1468,118.5812236,32.05863936,141.13,0.385685682,-0.268359482,0.124266967,-0.247576952
1469,118.5811172,32.05865357,141.02,0.413027495,-0.262488633,0.113260023,-0.298099965
1470,118.581009,32.05866794,140.94,0.432504535,-0.212129071,0.09121003,-0.365707755
1471,118.5809003,32.05868187,140.96,0.468275666,-0.22122705,0.07409092,-0.406018764
1472,118.5807897,32.05869695,140.93,0.477653325,-0.223239124,0.039704081,-0.420405239
1473,118.5806812,32.05871159,140.85,0.521017551,-0.212906405,0.015097879,-0.475291699
1474,118.5805724,32.05872593,140.85,0.582425892,-0.273085058,-0.035760216,-0.51319164
1475,118.5804641,32.05874096,140.88,0.587472677,-0.251921356,-0.07432127,-0.525486529
1476,118.5803556,32.05875508,140.86,0.626468837,-0.249022618,-0.047707152,-0.572865605
1477,118.5802448,32.05876993,140.93,0.638034105,-0.262955993,-0.080655694,-0.575705051
1478,118.5801359,32.05878498,140.88,0.641109884,-0.299002111,-0.032400787,-0.566188812
1479,118.5800255,32.05879963,140.89,0.659427047,-0.273330718,-0.093479022,-0.59278667
1480,118.5799174,32.05881412,140.92,0.577882111,-0.038290329,-0.101532429,-0.567602634
1481,118.5798091,32.0588285,140.91,0.560373783,0.086597368,-0.192804962,-0.51898545
1482,118.5797016,32.05884329,140.96,0.495669663,0.095154554,-0.124199226,-0.470328152
1483,118.5795933,32.05885765,140.95,0.431187361,-0.09880621,-0.061465614,-0.415188938
1484,118.5794831,32.05887337,140.97,0.984379232,-0.003374697,-0.716403306,-0.675098002
1485,118.5792649,32.05890192,140.96,2.354034662,1.782444,1.390609503,-0.656184316
1486,118.5791562,32.05891654,140.78,0.543892562,0.472568393,0.250440627,-0.098882377
1487,118.5790477,32.05893116,140.63,0.310308605,0.260104477,0.085444994,-0.146069288
1488,118.5789369,32.0589456,140.55,0.268221319,0.14107272,0.00919218,-0.227940053
1489,118.5788278,32.05895988,140.47,0.306005538,0.044599432,-0.058346398,-0.297062248
1490,118.5787195,32.05897437,140.49,0.373948723,-0.019608762,-0.099174358,-0.360024452
1491,118.5786105,32.0589884,140.52,0.447521865,-0.19770284,-0.066829391,-0.395882845
1492,118.5784996,32.05900321,140.64,0.500955462,-0.280443728,-0.069168858,-0.409296185
1493,118.5783913,32.05901793,140.71,0.546003878,-0.273245066,-0.193725288,-0.43119359
1494,118.5782831,32.05903263,140.66,0.605829358,-0.108088084,-0.331798315,-0.495233297
1495,118.5781743,32.05904707,140.6,0.546409726,-0.070453644,-0.231583878,-0.489866078
1496,118.5780659,32.05906097,140.68,0.578837514,-0.004694055,-0.214158833,-0.537742317
1497,118.5779549,32.05907614,140.73,0.600831866,0.028423226,-0.258039773,-0.541854739
1498,118.5778458,32.05909052,140.66,0.64183718,0.086631738,-0.313166827,-0.553512871
1499,118.5777378,32.05910509,140.63,0.635756314,0.070286013,-0.243445873,-0.583078086
1500,118.577629,32.05911944,140.55,0.691529989,0.038376015,-0.264547437,-0.637773991
1501,118.5775193,32.05913388,140.59,0.70336026,0.08294408,-0.25190872,-0.651443005
1502,118.57741,32.05914859,141.05,0.705115139,0.0493038,-0.278843373,-0.645757616
1503,118.5773674,32.05915608,141.36,0.656023681,-0.018834718,-0.265833914,-0.599453628
1504,118.5772034,32.05935559,141.42,0.529475093,-0.012341616,-0.139164522,-0.510710061
1505,118.5772811,32.05934294,141.49,0.557399452,-0.096797958,-0.207848594,-0.50805831
1506,118.5773924,32.05932867,141.43,0.574685097,-0.095072225,-0.203716874,-0.52888912
1507,118.5775013,32.05931439,141.54,0.568586409,-0.088526726,-0.242612675,-0.506549716
1508,118.5776101,32.05930052,141.53,0.522128999,-0.099087931,-0.203175128,-0.470659256
1509,118.5777181,32.05928599,141.51,0.501256049,-0.077034838,-0.197706297,-0.454131544
1510,118.5778272,32.0592718,141.61,0.444032311,-0.037574425,-0.181917906,-0.403309733
1511,118.577936,32.05925708,141.57,0.430496424,-0.069619425,-0.164198503,-0.391815215
1512,118.5780459,32.05924249,141.36,0.443963498,-0.184889123,-0.080428451,-0.395538688
1513,118.5781562,32.05922766,141.33,0.405603051,-0.17402114,-0.038972478,-0.364296079
1514,118.5782649,32.059213,141.58,0.408501208,-0.302063495,-0.024846047,-0.273886055
1515,118.5783731,32.05919786,141.63,0.381601453,-0.329034209,0.021748904,-0.192049876
1516,118.5784823,32.0591824,141.8,0.32618475,-0.299169004,0.026127927,-0.127325311
1517,118.5785925,32.05916748,141.81,0.223743498,-0.206802681,0.055051208,-0.065292932
1518,118.5787012,32.0591538,141.69,0.083397098,-0.059737369,0.04564742,-0.036094818
1519,118.5788101,32.05913998,141.63,0.189766794,0.107035823,0.156145647,-0.013164535
1520,118.5789199,32.05912571,141.44,0.5050686,0.281098336,0.419477403,0.010804526
1521,118.5790283,32.05911109,141.16,2.499659061,1.684173346,1.824484587,-0.288291454
1522,118.5791372,32.05909654,141.15,2.133905172,1.480823874,1.416180968,-0.595939219
1523,118.5792458,32.05908163,141.07,1.085740089,0.231740877,-0.599226117,-0.875246048
1524,118.5793561,32.05906657,141.18,1.385680676,0.160894617,-1.169644833,-0.725365162
1525,118.5794647,32.05905193,141.22,0.505448461,-0.437151253,0.074155509,-0.242647693
1526,118.5795747,32.05903767,141.23,0.219044641,-0.113898061,-0.068765648,-0.174008831
1527,118.5796827,32.05902402,141.14,0.250687629,-0.004999442,-0.125679374,-0.216850162
1528,118.5797915,32.05901026,140.68,0.325632453,-0.066486791,-0.144585595,-0.284096837
1529,118.5799016,32.05899443,140.32,0.385183513,-0.178954169,-0.152442425,-0.305127919
1530,118.5800109,32.05897804,140.44,0.348594666,-0.150165454,0.075254999,-0.305459112
1531,118.58012,32.05896431,140.7,0.329377413,-0.157793701,-0.021901025,-0.288289756
1532,118.5802295,32.05894933,140.82,0.298230916,-0.099661306,0.04983791,-0.276632398
1533,118.5803397,32.05893442,140.7,0.22636497,-0.086544439,-0.038078547,-0.205672517
1534,118.5804485,32.05891959,140.51,0.299236149,-0.107416399,0.01185151,-0.279040366
1535,118.5805578,32.05890469,140.46,0.325343728,-0.089059651,0.04983044,-0.308923692
1536,118.5806668,32.05888943,140.64,0.325929612,-0.022180423,0.054065917,-0.320647806
1537,118.5807753,32.05887463,140.66,0.321775824,-0.06588912,0.083200924,-0.303769529
1538,118.580886,32.05886048,140.64,0.364634007,-0.181471437,0.126941755,-0.289675444
1539,118.5809949,32.05884682,140.67,0.374539822,-0.184895918,0.064380497,-0.319294095
1540,118.5811036,32.05883214,140.82,0.401295751,-0.21471861,0.108868927,-0.321063489
1541,118.5812123,32.05881775,140.93,0.397647321,-0.217979968,0.122292183,-0.309277803
1542,118.5813208,32.05880316,141.11,0.35716483,-0.243693173,0.128087491,-0.227538928
1543,118.5814293,32.05878936,141.16,0.24133414,-0.159060806,0.058154542,-0.171929851
1544,118.5815366,32.05877523,141.15,0.179647684,-0.027853269,0.109401397,-0.139745563
1545,118.5816419,32.05875782,141.04,0.332778007,-0.074457876,0.308106601,-0.101328865
1546,118.5816576,32.05875307,141.04,0.27042532,-0.063905865,0.239148468,-0.108875602
1547,118.5818857,32.05890489,140.66,0.326643527,-0.009351408,0.261536002,-0.195467278
1548,118.5818032,32.05891352,140.78,0.304516077,-0.124470554,0.176508844,-0.21466662
1549,118.5816904,32.05892999,140.69,0.327965051,-0.088349395,0.163185865,-0.270417869
1550,118.5815837,32.05894489,140.62,0.431952894,-0.156172067,0.165247053,-0.367269665
1551,118.5814757,32.05895928,140.62,0.502905309,-0.15605022,0.203435317,-0.432638615
1552,118.5813676,32.05897317,140.58,0.561642766,-0.122525811,0.259724736,-0.48267284
1553,118.5812585,32.05898912,140.55,0.528112054,-0.081816025,0.148552135,-0.500140727
1554,118.5811499,32.0590037,140.53,0.565422773,-0.102546409,0.096418381,-0.54762274
1555,118.5810414,32.05901825,140.53,0.567937911,-0.049620789,0.072474077,-0.561104953
1556,118.5809327,32.05903285,140.58,0.577953577,-0.022954727,0.038186025,-0.576233685
1557,118.5808241,32.05904701,140.55,0.599096775,-0.077650137,0.082311846,-0.588312984
1558,118.5807136,32.0590616,140.56,0.629060388,-0.050630562,0.09156727,-0.620297432
1559,118.5806052,32.05907573,140.61,0.643904924,-0.021538593,0.061003294,-0.640646756
1560,118.5804971,32.05909074,140.62,0.612613797,-0.046049777,0.077139527,-0.605990589
1561,118.5803892,32.05910522,140.6,0.614351094,-0.030566471,0.078544967,-0.608542204
1562,118.5802802,32.05911987,140.56,0.614163995,-0.081297636,0.085263558,-0.602758825
1563,118.5801704,32.05913483,140.58,0.637632012,-0.131575882,0.103507146,-0.615263104
1564,118.5800618,32.05914967,140.57,0.657520533,-0.151580766,0.058824662,-0.637099802
1565,118.5799534,32.05916436,140.55,0.67631346,-0.080694735,0.021482958,-0.671138406
1566,118.579845,32.05917937,140.54,0.686616123,0.002314674,-0.025459396,-0.68614006
1567,118.5797363,32.0591942,140.54,0.679518461,-0.01731162,-0.044777285,-0.677820504
1568,118.5796249,32.05920915,140.43,0.701445878,0.078266568,-0.00254848,-0.697061121
1569,118.5795179,32.05922295,140.32,0.711897671,0.056562915,-0.051464465,-0.707778513
1570,118.5794088,32.05923763,140.36,0.745005846,-0.042168159,-0.154935852,-0.727496028
1571,118.5793007,32.05925208,140.31,0.966722727,-0.161819741,-0.419888288,-0.855605662
1572,118.5791922,32.05926663,140.31,1.204464555,-0.09903983,-0.693056226,-0.980101466
1573,118.5790818,32.05928161,140.36,1.366532803,0.431070149,-0.716731012,-1.080688238
1574,118.5789734,32.05929668,140.34,1.26579082,0.72655195,-0.415350378,-0.949648619
1575,118.5788655,32.05931139,140.23,1.145771742,0.839838922,0.28100878,-0.726978481
1576,118.5787572,32.05932547,140.24,1.092170715,0.7655406,0.419871062,-0.656119585
1577,118.5786468,32.05934099,140.18,0.983878493,0.652171612,0.477357477,-0.561087251
1578,118.5785391,32.05935503,139.98,0.912960649,0.57403338,0.415195584,-0.575843215
1579,118.5784312,32.05936888,139.95,0.82699132,0.496897548,0.286338508,-0.5958336
1580,118.5783229,32.05938402,139.87,0.809889495,0.502614379,0.148372218,-0.617483199
1581,118.5782137,32.05939854,139.9,0.722238958,0.36643067,0.087739341,-0.616165161
1582,118.5781035,32.0594126,139.95,0.704883575,0.316246033,-0.040989719,-0.628624797
1583,118.577996,32.05942723,140.12,0.658354998,0.191281229,-0.076268576,-0.625320673
1584,118.5778879,32.0594405,140.69,0.587630928,0.125496939,-0.11139112,-0.563163042
1585,118.5777792,32.05945517,141.25,0.575794756,0.130656689,-0.18377547,-0.529806554
1586,118.5776712,32.05947016,141.41,0.568140447,0.082690969,-0.223251849,-0.515853047
1587,118.5819014,32.05889828,146.54,0.247317493,0.00350511,0.226666361,0.098873749
1588,118.5818999,32.05889839,146.44,0.261250705,-0.010844732,0.251197606,0.070951328
1589,118.5818415,32.05890525,146.05,0.271053612,0.030428842,0.258575618,0.075384341
1590,118.5817277,32.05892071,145.8,0.281772763,-0.088838577,0.252382338,0.088355839
1591,118.58162,32.05893528,145.95,0.329963118,0.005916019,0.304287732,0.12747404
1592,118.5815114,32.05894976,146.39,0.349558741,-0.022476027,0.301395208,0.175633341
1593,118.5814031,32.05896438,146.53,0.380865276,-0.028310912,0.321173072,0.202742934
1594,118.5812923,32.0589787,146.59,0.334868789,0.045984019,0.272410244,0.189249158
1595,118.5811836,32.0589931,146.47,0.301690698,0.091167934,0.21878475,0.186651856
1596,118.581075,32.05900761,146.37,0.267023414,0.099577367,0.186838701,0.162717983
1597,118.580967,32.05902205,146.16,0.223333046,0.071708173,0.167506278,0.129140362
1598,118.5808569,32.05903663,146.01,0.197742701,0.135276631,0.108470283,0.095061086
1599,118.5807487,32.05905101,145.9,0.199702382,0.1072952,0.138993546,0.095129251
1600,118.5806409,32.05906509,145.87,0.135673881,0.053014651,0.109459214,0.060129277
1601,118.5805324,32.05907988,145.86,0.213702798,0.183921605,0.0799153,0.073859826
1602,118.5804235,32.05909487,145.9,0.184272662,0.159592509,0.029323883,0.087331295
1603,118.5803129,32.05910932,145.98,0.198956206,0.140820056,0.000031097,0.140546367
1604,118.5802041,32.05912379,146.08,0.231154203,0.146775961,-0.03812898,0.174457043
1605,118.5800952,32.05913855,146.21,0.30733341,0.216285363,-0.086212337,0.200603843
1606,118.5799869,32.05915314,146.32,0.301492333,0.19554837,-0.054165538,0.222990036
1607,118.5798772,32.05916778,146.43,0.292176932,0.144310176,-0.096011244,0.235210061
1608,118.5797673,32.0591829,146.22,0.248438239,0.121169545,-0.037396938,0.213637471
1609,118.5796597,32.05919796,146.07,0.240936384,0.113184713,0.015283456,0.212146133
1610,118.5795503,32.05921167,145.92,0.2101762,0.139436394,0.041195743,0.151771009
1611,118.5794426,32.05922613,145.93,0.355059385,0.165389791,0.236711562,0.206593826
1612,118.5793325,32.05924033,146.17,0.594970584,0.012647106,0.51105994,0.304381013
1613,118.5792235,32.05925492,146.6,0.487922668,-0.148055941,0.369502455,0.282162875
1614,118.5791147,32.0592703,146.89,0.232124612,-0.18113552,-0.045647159,0.137797296
1615,118.579007,32.0592854,146.7,0.478218853,0.206826478,-0.426290363,-0.064750321
1616,118.5788986,32.05929905,146.39,0.847719729,0.67936641,-0.476856887,-0.172329664
1617,118.578788,32.0593133,146.28,1.001329064,0.989587069,-0.098537602,-0.116908751
1618,118.5786791,32.05932786,146.35,1.032062411,1.026145697,0.109842494,0.010602018
1619,118.5785711,32.05934274,146.5,0.914575636,0.887772739,0.204696491,0.08004687
1620,118.5784624,32.05935706,146.45,0.807673931,0.767514169,0.223598793,0.115163878
1621,118.5783529,32.05937187,146.59,0.678594053,0.61783874,0.23718743,0.15002428
1622,118.5782418,32.05938644,146.8,0.518918693,0.444283009,0.189292446,0.189888343
1623,118.5781337,32.05940112,146.73,0.367329627,0.29748708,0.117863312,0.180390522
1624,118.578026,32.05941553,146.34,0.232481807,0.173064873,0.087524191,0.128202423
1625,118.5779176,32.05942979,146.03,0.111914247,0.08378464,-0.009975307,0.073521607
1626,118.5778089,32.05944426,146.02,0.13048704,0.023222473,-0.128139809,-0.008232489
1627,118.5776986,32.05945915,146.16,0.193507254,0.042604152,-0.18774952,-0.019495133
1628,118.5775901,32.05947347,146.2,0.21751973,0.029306352,-0.213355646,-0.030583322
1629,118.5774808,32.05948793,146.33,0.138062522,0.01555155,-0.136802599,0.01022033
1630,118.5773721,32.05950268,146.23,0.126718536,-0.007752637,-0.126331925,-0.006142466
1631,118.5772626,32.05951683,146.29,0.09213952,-0.029094649,-0.080182314,0.034842338
1632,118.5771527,32.05953166,146.13,0.086227529,-0.063326448,-0.036842529,0.045470599
1633,118.577053,32.05954531,146.19,0.188934073,-0.187898695,-0.007401471,0.018313363
1634,118.5770425,32.05954798,146.19,0.167667881,-0.16425842,-0.026317829,0.020953832
1635,118.5768753,32.05974863,145.5,0.232735723,-0.204080492,0.048854403,-0.100649461
1636,118.5769503,32.05973655,145.41,0.192898527,-0.166466504,0.000537215,-0.097460024
1637,118.5770639,32.05971959,145.29,0.095266238,-0.068730779,0.007935029,-0.065488711
1638,118.5771719,32.05970493,145.45,0.04592276,-0.031164341,0.030380355,-0.014653255
1639,118.5772825,32.05969019,145.73,0.036483608,0.031879961,-0.010702928,0.014148116
1640,118.5773906,32.05967568,145.93,0.105221875,0.098706484,0.009371871,0.03522557
1641,118.5774993,32.05966107,145.9,0.13057898,0.120902717,-0.047866538,0.011924683
1642,118.5776081,32.05964724,145.83,0.159949675,0.1508075,0.043414086,0.0309227
1643,118.5777169,32.05963295,145.62,0.144376636,0.133579046,0.054530237,-0.005263434
1644,118.5778274,32.05961813,145.48,0.251392245,0.211582959,0.135164723,-0.012696934
1645,118.5779359,32.0596031,145.44,0.313340008,0.282242179,0.128708333,-0.044220749
1646,118.5780443,32.05958883,145.51,0.36554125,0.336415559,0.12077976,-0.076532505
1647,118.5781525,32.05957431,145.51,0.401829988,0.374094725,0.113233693,-0.093266308
1648,118.5782626,32.05955943,145.6,0.50543654,0.484631866,0.109410115,-0.092884138
1649,118.5783702,32.05954492,145.64,0.504324198,0.485989124,-0.073218934,-0.113121428
1650,118.5784788,32.05953097,145.76,0.476311713,0.441703111,-0.14783448,-0.09957999
1651,118.5785869,32.05951564,146.01,0.391933292,0.284575105,-0.257834882,-0.078421235
1652,118.5786971,32.059501,146.28,0.094185099,0.045104045,-0.081637137,-0.013108622
1653,118.5788057,32.0594868,146.74,0.081313081,0.01492828,-0.078088067,0.017065095
1654,118.5789143,32.05947206,147.03,0.225132182,-0.176319256,0.114643231,0.080330238
1655,118.5790209,32.05945823,146.77,0.385432601,-0.237826005,0.283470571,0.107895844
1656,118.5791294,32.05944393,146.27,0.347381592,-0.066053547,0.336045921,0.058172565
1657,118.5792387,32.05942879,145.91,0.248373583,0.015159454,0.245641589,0.033464015
1658,118.5793497,32.05941346,145.84,0.056748841,0.032958813,0.043007582,0.016866999
1659,118.5794587,32.05939875,146.1,0.078103319,0.077177778,0.010550181,-0.005693125
1660,118.5795674,32.05938475,146.26,0.067932725,0.049188793,-0.046746559,-0.003174414
1661,118.5796762,32.05937023,146.43,0.06741751,0.013135982,-0.043951556,0.049404725
1662,118.5797848,32.05935527,146.55,0.082395077,-0.007068012,-0.039553732,0.071933955
1663,118.5798953,32.05934045,146.74,0.121496402,0.012856052,-0.066090673,0.101134174
1664,118.5800039,32.05932607,146.59,0.153620094,-0.019366045,-0.097252972,0.117328376
1665,118.5801131,32.05931196,146.36,0.125869825,-0.005444617,-0.045531467,0.117219687
1666,118.5802213,32.0592976,146.11,0.08082889,-0.009094512,-0.029425494,0.074731119
1667,118.5803315,32.05928234,145.75,0.106174193,-0.088134915,0.020133095,0.055676341
1668,118.5804399,32.05926674,145.64,0.102550991,-0.092356995,0.033219725,0.029721042
1669,118.5805478,32.05925092,146.09,0.141727373,-0.103522681,0.054421544,0.080049984
1670,118.5806564,32.05923598,146.67,0.199314788,-0.147532284,0.102925241,0.085831255
1671,118.5807647,32.05922254,147,0.214540586,-0.156401992,0.108823784,0.098607637
1672,118.5808737,32.05920769,147.1,0.264604509,-0.119390786,0.182142377,0.150284886
1673,118.5809833,32.05919256,147.1,0.254578859,-0.010982038,0.189042792,0.170154646
1674,118.581092,32.05917699,147.13,0.285611004,0.017415576,0.218001291,0.183700234
1675,118.5812003,32.05916215,147.13,0.309605181,0.077681705,0.244303182,0.173599765
1676,118.5813099,32.05914798,147.13,0.31311655,0.006204254,0.280404061,0.139201432
1677,118.5814203,32.05913304,147.46,0.395412624,-0.15210554,0.337526917,0.138890699
1678,118.5815295,32.05911958,147.65,0.522118628,-0.268221796,0.421949595,0.150411174
1679,118.581638,32.05910596,147.51,0.526474416,-0.263004512,0.418842554,0.18048507
1680,118.5817455,32.0590913,147.01,0.505448639,-0.212834477,0.433215588,0.150013536
1681,118.5818542,32.05907718,146.64,0.448681384,-0.173339397,0.39894712,0.110043757
1682,118.5818971,32.05907043,146.23,0.382202297,-0.103998289,0.357030451,0.088273503
1683,118.5817215,32.05927463,146.41,0.576300025,-0.26625067,0.503022671,0.090556443
1684,118.5816461,32.05928021,146.21,0.430125564,-0.170745283,0.393752426,0.028514376
1685,118.5815333,32.05929591,146.1,0.421313405,-0.161118835,0.388208687,0.028977945
1686,118.5814233,32.05931096,146.24,0.332124114,-0.06431447,0.32452172,0.029252842
1687,118.5813158,32.05932575,146.23,0.301903218,-0.04890839,0.296045423,0.033326179
1688,118.5812074,32.05933959,146.36,0.29965952,-0.062189903,0.283460855,0.07468722
1689,118.5810978,32.05935477,146.7,0.279269695,0.042382017,0.25733453,0.099871255
1690,118.5809898,32.05936939,146.63,0.23715876,-0.067374222,0.217599109,0.065997131
1691,118.5808799,32.05938431,146.38,0.205821842,-0.090810224,0.177140549,0.05231978
1692,118.5807714,32.05939923,146.12,0.252361119,-0.188006878,0.167350054,0.018262051
1693,118.5806635,32.05941399,145.91,0.229534745,-0.208451137,0.095985495,0.004594272
1694,118.5805541,32.05942852,146.1,0.164283216,-0.126944423,0.104056306,0.006809889
1695,118.5804441,32.05944327,146.14,0.126613081,-0.105966158,0.066928975,0.017959854
1696,118.5803353,32.05945742,146.19,0.079994671,-0.034016207,0.052964892,0.049363602
1697,118.5802269,32.05947236,146.34,0.0613604,-0.013055155,0.001565389,0.059935059
1698,118.5801189,32.05948685,146.2,0.038499139,0.021784142,-0.02875359,0.013448645
1699,118.580011,32.05950069,146.01,0.031242866,-0.000822045,-0.029761033,-0.009472162
1700,118.5799007,32.05951619,146.01,0.056508251,-0.018498972,-0.051637832,-0.013583243
1701,118.579792,32.05953032,145.95,0.077000447,0.003082263,0.032438029,-0.069766343
1702,118.5796835,32.05954493,145.97,0.098581426,0.049582865,-0.030559082,-0.079536028
1703,118.5795752,32.05955947,146,0.084005892,0.003495396,-0.053950261,-0.064297289
1704,118.5794668,32.05957479,146.06,0.061876323,-0.048022248,-0.000460863,-0.039017055
1705,118.5793567,32.05958987,146.01,0.108026341,0.034725618,0.102292188,-0.000361496
1706,118.5792479,32.05960422,145.96,0.202891856,0.014931506,0.19904308,-0.036386862
1707,118.5791392,32.05961851,145.96,0.149405643,-0.015949344,0.134555995,-0.062947191
1708,118.5790305,32.05963316,145.95,0.30976668,-0.014708316,0.308662713,-0.021596018
1709,118.5789197,32.05964763,145.99,0.416435599,-0.077952728,0.408233106,0.026223743
1710,118.5788113,32.05966333,146,0.451173782,-0.129328966,0.431901723,0.017108006
1711,118.5787033,32.05967786,145.88,0.457283288,-0.227281198,0.396589011,-0.012977501
1712,118.5785948,32.05969227,145.85,0.236228228,-0.031118589,0.229481071,-0.046624508
1713,118.5784865,32.05970686,145.8,0.132665932,0.033005644,0.109740615,-0.066842139
1714,118.5783768,32.05972147,145.76,0.145550758,0.125661895,0.018084619,-0.071183287
1715,118.5782683,32.05973557,145.71,0.242084667,0.233699948,-0.020354219,-0.059791543
1716,118.5781598,32.0597499,145.78,0.140712321,0.13180545,-0.011259567,-0.047963571
1717,118.5780509,32.05976443,145.76,0.103559725,0.100304358,0.009754525,-0.023843296
1718,118.5779401,32.0597787,145.94,0.096996889,0.003978455,0.091260761,-0.032619663
1719,118.5778315,32.05979357,145.95,0.056613393,0.056015331,-0.004561427,-0.006822916
1720,118.5777215,32.05980794,146.05,0.038300358,0.021344757,-0.028917195,-0.013233085
1721,118.5776131,32.05982265,146.07,0.159916267,0.143095165,0.065080255,-0.029352156
1722,118.5775048,32.05983725,145.9,0.05612598,0.018078167,-0.051407296,-0.013438583
1723,118.5773938,32.05985181,146.04,0.108679987,0.089573875,-0.053720493,0.030032817
1724,118.5772847,32.05986646,146.2,0.112185068,0.078567356,-0.07226868,0.034494899
1725,118.5771773,32.05988076,146.03,0.102965206,0.094847433,-0.039973833,0.002809002
1726,118.5770688,32.05989556,146.03,0.108886637,0.062363528,-0.082216717,0.034749128
1727,118.5769598,32.05990984,145.99,0.079003006,0.006972919,-0.071650408,0.032543391
1728,118.5768506,32.05992406,145.77,0.059503779,0.023537669,-0.044882625,0.031180566
1729,118.5767407,32.05993894,145.87,0.163582593,0.091092885,-0.115198642,0.072045997
1730,118.5766967,32.05994411,146.01,0.177158207,-0.023915142,-0.141518593,0.103853665
1731,118.5767311,32.06012085,146.42,0.286352605,0.094049804,-0.00499047,0.270421058
1732,118.5767982,32.06010506,145.97,0.253006756,0.10813792,-0.073763579,0.216512248
1733,118.576914,32.06009211,145.75,0.308500886,0.187350407,-0.15421994,0.190496266
1734,118.5770246,32.06007718,146.26,0.379349411,0.247274041,-0.119400032,0.261734903
1735,118.5771334,32.06006386,146.5,0.387222975,0.22509712,-0.162971541,0.269653857
1736,118.5772415,32.06004896,146.44,0.427434921,0.230347738,-0.182833955,0.310181022
1737,118.5773493,32.06003468,146.32,0.340917528,0.217050254,-0.069647841,0.253501713
1738,118.5774575,32.06002021,146.3,0.350704044,0.256165266,-0.060292318,0.231813565
1739,118.5794179,32.05975463,145.93,0.29393211,0.172934398,0.069703519,0.227224991
1740,118.5795269,32.05973887,146.28,0.288646281,0.127674848,0.016163113,0.258369029
1741,118.5796351,32.05972438,146.56,0.295286357,0.099799097,-0.004798384,0.277868927
1742,118.5797433,32.05971064,146.44,0.286019504,0.062003795,-0.015025675,0.278813392
1743,118.5798518,32.05969652,146.41,0.265627623,0.017514868,0.003955794,0.265020013
1744,118.5799621,32.05968197,146.47,0.277278274,0.000661757,-0.001987681,0.277270377
1745,118.5800711,32.05966812,146.47,0.311143875,0.06653484,0.016448112,0.303501368
1746,118.5801801,32.05965438,146.4,0.282710016,0.041119523,0.029181557,0.278177232
1747,118.5802866,32.05963978,146,0.253821194,0.085345261,0.068228543,0.229098767
1748,118.5803951,32.05962551,145.42,0.237732336,0.095867738,0.080349095,0.202163443
1749,118.5805057,32.05961052,145.03,0.23895283,0.113995299,0.074970208,0.196170837
1750,118.5806144,32.05959532,145.25,0.26480791,0.086810157,0.109167457,0.225099295
1751,118.5807225,32.05958069,145.48,0.334890217,0.117294334,0.16238676,0.268372953
1752,118.5808302,32.05956702,145.34,0.400510818,0.183623061,0.177560329,0.308486313
1753,118.5809384,32.05955194,145.14,0.433732748,0.230929956,0.219836742,0.294053167
1754,118.581049,32.0595366,145.4,0.400351077,0.221909404,0.180541873,0.280074716
1755,118.5811576,32.05952201,145.6,0.350727737,0.139880136,0.200231478,0.251695961
1756,118.5812671,32.05950695,145.84,0.320159495,0.119567774,0.169585794,0.243816108
1757,118.5813762,32.05949305,145.89,0.261786968,0.022497365,0.193990111,0.174339086
1758,118.5814848,32.05947879,145.74,0.225507244,-0.029559391,0.182252154,0.129475534
1759,118.5815569,32.0594675,145.62,0.205071762,0.04048039,0.174240798,0.100279175
1760,118.5815521,32.05947193,145.54,0.156418934,0.040345237,0.134515926,0.068881139
1761,118.5813805,32.05967253,145.35,0.255028188,0.062049404,0.212057114,0.127361804
1762,118.5813037,32.05967854,145.18,0.245092914,0.132936314,0.171760157,0.113564603
1763,118.5811906,32.05969428,145.08,0.249781981,0.108437151,0.189389452,0.121507421
1764,118.5810839,32.05970861,145.23,0.340485364,0.16020675,0.239978343,0.180760816
1765,118.5809753,32.0597236,145.26,0.338619053,0.17208527,0.21354644,0.198613822
1766,118.5808662,32.05973845,145.34,0.280401319,0.136719123,0.121535063,0.212513551
1767,118.5807565,32.05975365,145.01,0.195005476,0.076487228,0.068342574,0.16584973
1768,118.5806472,32.05976773,144.94,0.137700409,0.003139329,0.026116531,0.135164618
1769,118.5805385,32.05978205,145,0.127760917,-0.033902407,0.005172883,0.123072013
1770,118.5804297,32.05979608,145.26,0.150704786,-0.019300997,-0.033949893,0.145556882
1771,118.5803213,32.05981099,145.46,0.169019938,-0.046581421,-0.046273675,0.155745491
1772,118.5802112,32.05982576,145.54,0.196165487,-0.03832572,0.011533772,0.192039073
1773,118.5801021,32.05984074,145.54,0.236525118,-0.00942119,0.001671537,0.236331508
1774,118.5799928,32.05985527,145.41,0.252799869,-0.006159795,0.021650536,0.251795709
1775,118.579884,32.05986947,145.43,0.241463989,-0.006342164,0.013362878,0.241010517
1776,118.5797754,32.05988384,145.37,0.248083591,-0.049921874,-0.000045005,0.243008792
1777,118.5796663,32.05989852,145.3,0.222630382,-0.072035097,0.02210837,0.20949094
1778,118.579555,32.05991306,145.37,0.194519669,-0.068398714,0.016376706,0.181359649
1779,118.5794463,32.05992829,145.41,0.193984166,-0.002591397,0.026333435,0.192170992
1780,118.5793374,32.05994286,145.32,0.177229077,0.029161178,0.02504646,0.173009962
1781,118.5792296,32.05995759,145.21,0.157167241,0.038388412,0.056983683,0.141353205
1782,118.5791207,32.05997272,145.23,0.14624235,0.052859254,0.056078698,0.124289602
1783,118.5790103,32.0599864,145.14,0.099272206,-0.001103439,0.033618309,0.093400016
1784,118.5789016,32.06000116,145.21,0.116257548,-0.034978263,0.048013881,0.099935003
1785,118.5787928,32.06001522,145,0.093498461,-0.033635221,0.029097158,0.08224348
1786,118.5786848,32.06002904,144.8,0.068648912,0.013107181,0.006851821,0.067036763
1787,118.5785758,32.06004358,144.77,0.084508307,0.020932999,-0.017724356,0.079933167
1788,118.578465,32.06005868,144.89,0.126130223,0.039280847,-0.027274145,0.116713189
1789,118.5783567,32.06007355,144.91,0.153252229,-0.053833868,0.048694357,0.134970441
1790,118.578248,32.06008823,145,0.208935365,-0.1108208,0.070827484,0.162345946
1791,118.5781396,32.0601029,145.12,0.255342841,-0.056630261,0.14495042,0.202441007
1792,118.5780311,32.06011741,145.09,0.247154757,-0.043110441,0.069939815,0.23309952
1793,118.5779208,32.06013244,145.09,0.25861007,-0.040665444,-0.016190197,0.254879117
1794,118.5778117,32.0601466,145.28,0.306538522,-0.099847548,-0.096329249,0.2733441
1795,118.5777032,32.06016119,145.65,0.29163754,-0.063148603,-0.046682443,0.28086555
1796,118.5775947,32.06017593,145.93,0.341655582,-0.096439943,-0.016444622,0.327349126
1797,118.5774853,32.06019098,146.03,0.347337365,-0.042597201,0.009384464,0.344587654
1798,118.5773754,32.06020566,145.61,0.317502677,0.001165729,-0.04088489,0.314857125
1799,118.5772674,32.06022003,145.18,0.257751614,0.046706349,-0.024540449,0.252293825
1800,118.5771579,32.06023423,144.96,0.264973402,0.136972204,-0.017561698,0.226144001
1801,118.5770498,32.06024827,145.05,0.248895317,0.098763101,-0.033864073,0.225937948
1802,118.5769697,32.06025897,145.14,0.249549076,0.026455648,-0.045464631,0.243942216
1803,118.5769722,32.06025989,145.15,0.276517868,0.041553196,-0.016866261,0.2728571
1804,118.577218,32.06040561,144.85,0.385722131,0.087073199,-0.027720358,0.374741763
1805,118.5772933,32.06039219,144.97,0.409145355,-0.075391918,-0.050244071,0.398988128
1806,118.5774078,32.06037847,144.8,0.409656793,-0.137260303,-0.00562597,0.385936081
1807,118.5775168,32.06036271,145.13,0.442353278,-0.110134512,-0.023311581,0.427788943
1808,118.577626,32.06034847,145.69,0.516515613,0.001255534,-0.055519033,0.513521612
1809,118.5777347,32.06033397,145.86,0.544222653,-0.050416391,0.022763407,0.541404009
1810,118.5778445,32.06032003,145.76,0.474669337,0.021331685,-0.024742847,0.473543793
1811,118.5779526,32.06030498,145.43,0.462892115,-0.051843584,0.050930858,0.457151383
1812,118.5780617,32.0602911,145.48,0.398816407,-0.11602734,0.002339804,0.381558269
1813,118.5781699,32.06027674,145.39,0.376110494,-0.116198801,0.074648321,0.349835068
1814,118.5782784,32.06026168,145.56,0.398423225,-0.089579426,0.078367278,0.380230397
1815,118.578388,32.06024793,145.67,0.418812662,-0.026569171,0.045160729,0.415522128
1816,118.5784967,32.06023323,145.29,0.376140028,-0.01102908,0.061546698,0.370906591
1817,118.5786058,32.06021829,145.02,0.349728107,-0.068610683,-0.011576951,0.342736483
1818,118.5787143,32.06020386,145.18,0.338855833,-0.018175513,-0.007435762,0.33828631
1819,118.578823,32.06018976,145.09,0.344262302,-0.010264877,-0.030730054,0.342734337
1820,118.5789343,32.06017483,145.21,0.393075019,0.058646791,-0.09795247,0.376130074
1821,118.5790425,32.06016048,145.48,0.414349437,0.041299332,-0.086016469,0.403213322
1822,118.5791512,32.06014608,145.49,0.427619457,-0.019834332,-0.08108975,0.419391751
1823,118.5792598,32.06013109,145.38,0.396653473,0.038447566,-0.087315433,0.385008812
1824,118.5793687,32.06011571,145.49,0.409881353,0.016758377,-0.095772766,0.39818269
1825,118.5794771,32.06010139,145.44,0.396971583,-0.040932655,-0.092452466,0.383879542
1826,118.5795877,32.06008567,145.6,0.412355274,-0.001289931,-0.098634593,0.400382847
1827,118.579696,32.06007124,145.78,0.403774321,0.006119865,-0.044556987,0.401261687
1828,118.5798045,32.06005757,145.71,0.383338571,0.007258602,-0.012998635,0.383049339
1829,118.5799126,32.06004294,145.62,0.36520505,-0.082222998,-0.018141039,0.355366021
1830,118.5800215,32.06002843,145.7,0.380925089,-0.127814621,-0.040932156,0.356499523
1831,118.5801321,32.06001369,145.72,0.388985813,-0.077521145,-0.059720088,0.376475692
1832,118.5802412,32.05999921,145.59,0.390331149,-0.078031309,-0.056588486,0.378242344
1833,118.5803493,32.05998412,145.54,0.400208682,-0.090689696,-0.047112696,0.386940241
1834,118.5804571,32.05996927,145.63,0.404745281,-0.078234293,0.013563029,0.396880567
1835,118.5805683,32.05995445,145.64,0.40875563,-0.054136366,0.028784398,0.404130995
1836,118.5806775,32.05993888,145.62,0.428675503,0.006523343,0.073191434,0.422330618
1837,118.5807877,32.0599227,145.88,0.492728204,0.026316877,0.174243659,0.460138708
1838,118.5808955,32.05990822,146.17,0.468809247,0.036193583,0.146448836,0.443874836
1839,118.5810051,32.05989466,146.22,0.479420036,0.0472624,0.159550905,0.449614644
1840,118.5811142,32.05988041,146.16,0.480504304,0.060643401,0.192878485,0.435895234
1841,118.5812108,32.05986755,146.15,0.475776374,0.044819541,0.20494999,0.427024424
1842,118.5812169,32.05986594,146.09,0.466609538,0.016327163,0.208244979,0.417243212
1843,118.581038,32.06007374,145.01,0.339699835,-0.04568819,0.034196686,0.334871858
1844,118.580966,32.06007702,144.64,0.321468979,0.085039653,0.067220621,0.30264163
1845,118.5808508,32.06009197,144.66,0.365124494,-0.024505472,0.073066145,0.356898725
1846,118.5807434,32.06010721,145,0.409233898,-0.004655507,0.067288212,0.403637201
1847,118.5806342,32.06012272,145.25,0.430986136,-0.063532487,0.04618885,0.423767924
1848,118.580525,32.06013807,145.29,0.450062841,-0.084665269,0.056526721,0.438398302
1849,118.5804164,32.06015285,145.25,0.458302587,-0.117818236,0.04708505,0.440389752
1850,118.5803062,32.06016734,145.23,0.442572713,-0.144266233,0.036695998,0.41678682
1851,118.5801974,32.06018169,145.04,0.401709616,-0.138516679,0.05473822,0.373078376
1852,118.5800892,32.06019612,144.93,0.411093026,-0.173598573,0.041640982,0.370306671
1853,118.5799809,32.06021086,144.78,0.362582594,-0.152518764,0.023361459,0.328113407
1854,118.5798722,32.06022564,144.62,0.322774559,-0.116317354,0.020937404,0.300358653
1855,118.579762,32.06024002,144.43,0.324926168,-0.123422571,0.030291149,0.299042374
1856,118.5796527,32.0602546,144.47,0.308451712,-0.107799955,-0.014064035,0.288658679
1857,118.5795438,32.06026977,144.52,0.353674173,-0.149350628,-0.021404721,0.319877535
1858,118.5794359,32.06028451,144.46,0.358389825,-0.158935502,-0.044872299,0.318071127
1859,118.5793256,32.06029917,144.54,0.358574986,-0.13831903,-0.011937873,0.330607533
1860,118.5792168,32.06031382,144.55,0.365238607,-0.118715964,-0.050421104,0.341706693
1861,118.5791082,32.06032723,144.63,0.373400033,-0.110217609,-0.04933504,0.353335142
1862,118.5789996,32.06034249,144.79,0.397283375,-0.060385086,-0.066708215,0.386959612
1863,118.5788906,32.06035693,144.89,0.399931967,0.024109315,-0.042807695,0.39690277
1864,118.5787799,32.06037205,144.93,0.432482034,0.049328044,-0.034703329,0.428255916
1865,118.5786711,32.06038663,145,0.453582227,0.092487387,-0.021948123,0.443510085
1866,118.5785632,32.06040212,144.82,0.385253459,-0.027018726,-0.08742182,0.374229401
1867,118.5784548,32.06041595,144.8,0.389662772,0.060076285,-0.117298171,0.366700232
1868,118.5783466,32.06043057,144.69,0.415385306,0.030007122,-0.251785576,0.32901147
1869,118.5782366,32.06044597,144.49,0.439764619,0.004050892,-0.333427906,0.286709517
1870,118.5781278,32.06046038,144.29,0.359311014,-0.089469783,-0.185487106,0.29443863
1871,118.5780191,32.06047533,144.3,0.344535828,-0.051872708,-0.22896333,0.252170473
1872,118.5779108,32.06048982,144.36,0.305259466,-0.037752785,-0.126207009,0.275372207
1873,118.5778019,32.06050434,144.45,0.327058196,-0.035903826,-0.119974464,0.302132577
1874,118.5776915,32.06051915,144.5,0.283260494,-0.014618723,-0.054770947,0.277530074
1875,118.5775831,32.06053386,144.45,0.310720086,0.088765204,-0.076373756,0.287810296
1876,118.5774763,32.06054734,144.67,0.344702899,0.091118753,-0.183333844,0.27731958
1877,118.5774543,32.06055096,144.82,0.385703832,0.092360057,-0.204092473,0.313979834
1878,118.5777047,32.06069823,144.85,0.321004361,-0.016033879,-0.103759259,0.303349197
1879,118.5777741,32.0606852,144.57,0.333327651,-0.124449223,-0.123899646,0.283317119
1880,118.5778871,32.06067033,144.54,0.335039973,-0.071285605,-0.168136671,0.280891806
1881,118.5779971,32.06065534,144.76,0.338763595,-0.104414091,-0.112830058,0.301873893
1882,118.5781058,32.06064073,144.96,0.373787165,-0.065566868,-0.120873399,0.347573668
1883,118.5782138,32.06062579,145.14,0.398127139,-0.007291852,-0.171832338,0.359062254
1884,118.578323,32.06061099,145.23,0.41923815,-0.09695781,-0.226293102,0.339339435
1885,118.5784314,32.06059671,145.19,0.375562787,-0.189720914,-0.12544626,0.298858881
1886,118.5785403,32.06058208,145.14,0.279911578,-0.082025871,-0.051473889,0.262626529
1887,118.5786504,32.06056626,145.36,0.270475715,-0.018071672,-0.03401117,0.267719567
1888,118.578759,32.06055217,145.61,0.276025981,-0.049082194,-0.062870421,0.264250994
1889,118.5788686,32.06053806,145.75,0.293933749,-0.083081648,-0.023824817,0.280939251
1890,118.5789778,32.06052301,146.04,0.313165903,-0.046713099,-0.042792168,0.306691378
1891,118.5790871,32.06050812,146.2,0.341146886,-0.109563462,-0.054720063,0.318406612
1892,118.5791951,32.06049479,145.89,0.294994801,-0.108724296,-0.011460844,0.273988336
1893,118.579304,32.06048023,145.6,0.283733279,-0.128146216,0.006736087,0.253056794
1894,118.5794125,32.06046576,145.31,0.332206994,-0.237536222,-0.009754171,0.232040703
1895,118.5795205,32.06045094,145.07,0.325877845,-0.259503514,-0.017597094,0.19632788
1896,118.5796308,32.06043595,144.99,0.330343157,-0.254721791,-0.101026535,0.184491351
1897,118.5797395,32.06042143,145.03,0.321183443,-0.250471443,-0.099923,0.174465626
1898,118.5798479,32.06040695,145.24,0.345320791,-0.266265452,-0.094908148,0.198347166
1899,118.5799568,32.06039169,145.43,0.319655865,-0.222286552,-0.052451987,0.223645583
1900,118.5800654,32.0603772,145.65,0.345671266,-0.24090597,-0.02467428,0.246666014
1901,118.5801744,32.06036258,145.73,0.377654701,-0.24845697,0.001814688,0.284409791
1902,118.5802853,32.06034746,145.7,0.362399012,-0.203070313,0.01632769,0.299714684
1903,118.5803938,32.06033277,145.64,0.312603503,-0.138952479,0.014239577,0.279661208
1904,118.5805021,32.06031825,145.57,0.24368909,-0.10454087,0.037135776,0.216971233
1905,118.5806106,32.06030366,145.46,0.218514457,-0.1143547,0.059391756,0.176477149
1906,118.580719,32.06028919,145.48,0.174980849,-0.078610674,0.086918376,0.129937902
1907,118.5808298,32.06027424,145.36,0.177894533,-0.064904183,0.114964105,0.119235754
1908,118.580876,32.06026666,145.52,0.192850873,-0.012752696,0.107932925,0.159308866
1909,118.5806992,32.06047165,145.3,0.289141059,-0.12358088,0.21372886,0.150500149
1910,118.5806229,32.06047767,145.19,0.169699162,-0.002001073,0.130492181,0.108469322
1911,118.5805094,32.06049411,144.96,0.155200124,-0.019654924,0.092295632,0.123216383
1912,118.5804019,32.06050856,144.84,0.169268817,-0.04113153,0.069996715,0.148528069
1913,118.5802913,32.06052364,144.87,0.185039192,-0.071036659,0.070642158,0.15557307
1914,118.5801828,32.06053835,144.76,0.217905357,-0.116086058,0.063310169,0.173201025
1915,118.5800738,32.06055279,144.78,0.190481842,-0.082885653,0.041212816,0.166477636
1916,118.579965,32.06056723,144.83,0.218160987,-0.09782967,0.024953738,0.193393081
1917,118.5798561,32.06058208,144.72,0.233763278,-0.129787102,-0.022176513,0.193154812
1918,118.5797463,32.06059681,144.64,0.269676149,-0.205208614,-0.025971744,0.173032105
1919,118.5796372,32.06061187,144.58,0.259484261,-0.202106819,-0.043427937,0.156840459
1920,118.579529,32.06062621,144.58,0.234040722,-0.192976817,-0.01452333,0.131620973
1921,118.5794206,32.06064063,144.6,0.217927977,-0.150206134,-0.06520465,0.143802196
1922,118.57931,32.06065517,144.61,0.215698615,-0.109499834,-0.074961223,0.17004852
1923,118.5792015,32.06066971,144.67,0.247933984,-0.103853486,-0.089629292,0.206524342
1924,118.5790929,32.06068409,144.65,0.294188619,-0.145329118,-0.094344281,0.237751022
1925,118.5789846,32.06069864,144.54,0.292339057,-0.173578098,-0.11762403,0.203708991
1926,118.5788769,32.06071293,144.4,0.27295354,-0.154715911,-0.102754511,0.200020328
1927,118.5787659,32.06072746,144.45,0.27715081,-0.160355181,-0.096772254,0.20428881
1928,118.5786577,32.06074212,144.43,0.307275265,-0.206215739,-0.099712223,0.204818547
1929,118.5785493,32.060757,144.31,0.264903098,-0.17012094,-0.045233395,0.197955713
1930,118.5784402,32.06077173,144.21,0.21082136,-0.129664734,-0.042798072,0.160626993
1931,118.5783317,32.06078586,144.12,0.11278452,-0.005349354,-0.011124682,0.112106979
1932,118.5782224,32.06080049,144.12,0.154082164,0.106200472,-0.052929875,0.098291405
1933,118.5781126,32.06081545,144.04,0.284681857,0.236954153,-0.090651177,0.12914668
1934,118.5780036,32.06082945,144.09,0.340247273,0.217677042,-0.143762901,0.218442529
1935,118.5779353,32.06083794,144.29,0.353085995,0.112657972,-0.184369549,0.279259324
1936,118.5781859,32.06098526,144.28,0.395876795,0.184631839,-0.037937403,0.348123938
1937,118.5782517,32.06097317,144.13,0.472795159,0.319826007,-0.118103206,0.32756409
1938,118.5783652,32.06095839,144.22,0.497986078,0.394480348,-0.073407039,0.294935256
1939,118.5784737,32.06094337,144.42,0.320641071,0.162378564,-0.143113106,0.23656404
1940,118.5785828,32.06092883,144.59,0.303089619,0.057670515,-0.175338864,0.24040322
1941,118.5786913,32.06091521,144.67,0.336847782,0.11051853,-0.232186422,0.217581108
1942,118.5788011,32.06090005,144.98,0.308750182,0.090646155,-0.204228833,0.213074028
1943,118.5789106,32.06088555,145.27,0.298720658,0.061033975,-0.216114134,0.196986213
1944,118.5790197,32.06087179,145.33,0.39960447,0.124915659,-0.318791389,0.20603849
1945,118.579128,32.06085662,145.31,0.372593999,0.181865215,-0.250138372,0.207803085
1946,118.5792369,32.06084241,145.15,0.400897235,0.166396335,-0.321974963,0.171356305
1947,118.5793462,32.06082731,145.17,0.341641009,0.145789906,-0.287896395,0.112158582
1948,118.5794569,32.06081201,145.42,0.305025935,0.103784069,-0.260473341,0.120097183
1949,118.5795649,32.06079567,145.45,0.169919118,0.148980841,0.014089847,0.080490328
1950,118.5796729,32.06078076,145.08,0.163770884,0.141975954,0.081465766,-0.00520222
1951,118.5797814,32.06076707,144.64,0.230718434,0.172988743,0.138392672,-0.064446524
1952,118.5798899,32.06075225,144.21,0.303250223,0.214613602,0.153402478,-0.149563998
1953,118.5800001,32.06073698,144.22,0.388542593,0.263188988,0.200598389,-0.20361039
1954,118.580109,32.06072185,144.4,0.43638888,0.279432833,0.218060255,-0.254562885
1955,118.5802174,32.06070709,144.67,0.430127054,0.257826239,0.22754325,-0.258377552
1956,118.5803262,32.06069266,144.82,0.455001682,0.307633728,0.222616717,-0.25065878
1957,118.5804348,32.06067817,144.91,0.503965497,0.362585485,0.212051108,-0.278473198
1958,118.5805267,32.06066538,145.02,0.564778805,0.422462493,0.220621422,-0.303029269
1959,118.5805306,32.06066504,145.04,0.541811466,0.405180037,0.20694904,-0.294212312
1960,118.5803533,32.06086999,145.33,0.486834228,0.301246166,0.159750342,-0.347473919
1961,118.5802772,32.06087615,145.26,0.56386143,0.392767966,0.173053101,-0.365685165
1962,118.5801647,32.06089183,145,0.553048134,0.351991922,0.14844498,-0.399910003
1963,118.5800548,32.06090679,145,0.571966648,0.334251344,0.15718849,-0.436707795
1964,118.5799466,32.06092124,145.07,0.573476672,0.324407607,0.119785734,-0.457478493
1965,118.5798382,32.06093595,145.27,0.538657308,0.27958563,0.087127611,-0.452097714
1966,118.579729,32.0609506,145.43,0.529509127,0.312945127,0.086367533,-0.418313146
1967,118.5796184,32.06096546,145.47,0.518838346,0.335298985,0.054127999,-0.392221808
1968,118.5795104,32.06098056,145.36,0.522354424,0.341414452,0.019922206,-0.394833416
1969,118.5794024,32.06099441,145.29,0.526737988,0.33012557,0.028764425,-0.409441829
1970,118.5792936,32.06100776,145.3,0.524029195,0.281240255,0.01618335,-0.441869467
1971,118.5791854,32.06102268,145.32,0.521714568,0.223379433,0.00781736,-0.471409172
1972,118.5790747,32.06103761,145.25,0.543402135,0.183983058,0.070205681,-0.506465495
1973,118.5789661,32.06105227,145.18,0.586439013,0.217967913,0.082841471,-0.538087308
1974,118.5788577,32.06106753,145.26,0.59502548,0.234757498,0.076072529,-0.54143995
1975,118.5787487,32.06108098,145.33,0.572463214,0.216475949,0.081896849,-0.523588777
1976,118.5786376,32.06109606,145.37,0.562069654,0.17679669,0.062246162,-0.529896796
1977,118.5785294,32.06111014,145.4,0.60122323,0.193580344,0.118235506,-0.556791127
1978,118.5784283,32.06112392,145.66,0.591388583,0.192484319,0.030790636,-0.558338761
1979,118.5784167,32.06112643,145.81,0.572381198,0.176408365,0.018114362,-0.54421705
1980,118.5786685,32.06127345,145.24,0.589751005,0.284072787,0.105026454,-0.506041825
1981,118.5787375,32.06126064,145.01,0.606245518,0.200440064,0.045326479,-0.570353329
1982,118.5788511,32.06124349,144.93,0.626689494,0.183193281,0.105670251,-0.589926898
1983,118.5789615,32.06122788,145.16,0.608904839,0.181500331,0.121620938,-0.568358243
1984,118.5790695,32.06121257,145.59,0.568389058,0.188578516,0.110505231,-0.524683595
1985,118.5791779,32.06119799,146.12,0.517626643,0.174137682,0.123995684,-0.471421778
1986,118.579287,32.06118361,146.37,0.501123905,0.149653003,0.15491958,-0.452469945
1987,118.579396,32.06116908,146.48,0.496116996,0.157455698,0.165330902,-0.440460533
1988,118.5795069,32.06115414,146.42,0.512643874,0.175289586,0.160303056,-0.454290926
1989,118.5796156,32.06114065,146.21,0.569488585,0.245703667,0.140154809,-0.494270742
1990,118.5797227,32.06112755,145.6,0.631719828,0.274576277,0.111272313,-0.557939351
1991,118.5798316,32.06111293,145.02,0.678702712,0.288075656,0.135546088,-0.599397242
1992,118.5799424,32.06109707,145.02,0.723199725,0.298125923,0.152469516,-0.641008496
1993,118.58005,32.06108192,145.19,0.733356178,0.322663963,0.204845145,-0.62588954
1994,118.5801587,32.06106786,145.44,0.794771075,0.400232404,0.236400396,-0.644662619
1995,118.5801913,32.06106406,145.29,0.803062975,0.439431757,0.174988449,-0.648990691
1996,118.5800098,32.06127251,145.49,0.553425968,0.159700707,0.11741706,-0.516709983
1997,118.5799449,32.06127315,145.33,0.592838109,0.274497002,0.105634242,-0.514732778
1998,118.5798301,32.06128908,145.48,0.588897169,0.243584946,0.153500527,-0.513715684
1999,118.5797231,32.06130362,145.43,0.587870121,0.262640536,0.145513833,-0.505407691
2000,118.579615,32.06131835,145.64,0.547958255,0.204106256,0.15948692,-0.482869357
2001,118.5795038,32.06133228,145.95,0.473570615,0.148154944,0.114641696,-0.434944272
2002,118.5793946,32.06134817,146.29,0.419179201,0.13704963,0.105035678,-0.381963491
2003,118.5792857,32.06136279,146.07,0.439110667,0.144800186,0.067712814,-0.408981711
2004,118.5791766,32.06137785,146,0.454415977,0.150853544,0.047663342,-0.425987422
2005,118.5790674,32.06139252,145.9,0.456692219,0.110702135,0.017077528,-0.442742795
2006,118.5789588,32.06140712,145.82,0.462328821,0.073247656,0.003659994,-0.4564749
2007,118.5789003,32.06141501,145.96,0.469424695,0.031982213,-0.008671733,-0.468253642
2008,118.5791501,32.06156032,145.82,0.401976019,0.207323715,0.065170445,-0.338163286
2009,118.5792236,32.06154705,145.78,0.383404493,0.173258409,0.018455451,-0.341525882
2010,118.5793373,32.06153253,145.56,0.397968322,0.189663991,0.060271922,-0.344635516
2011,118.5794456,32.06151746,145.72,0.401605755,0.209236726,0.080902711,-0.333109498
2012,118.5795538,32.06150313,146.1,0.381926537,0.210264757,0.070843071,-0.310866326
2013,118.5796623,32.06148843,146.2,0.39091751,0.229949817,0.075662121,-0.306944311
2014,118.5797728,32.06147394,146.2,0.388821512,0.236345142,0.081419528,-0.297815382
2015,118.5798504,32.06146418,146.21,0.44151926,0.294939548,0.124093398,-0.304221541
2016,118.5798515,32.0614651,146.12,0.431246042,0.275257677,0.103826433,-0.315319568
2017,118.5796688,32.06167057,145.89,0.390273005,0.199815094,0.113570586,-0.315418243
2018,118.5796642,32.06166614,147.09,0.764375925,0.160152838,-0.056447838,0.745275259
2019,118.5796629,32.06166537,146.51,0.773024023,0.202674091,-0.003269996,0.745974958
2020,118.579602,32.06167498,145.49,0.714742124,0.332333833,-0.023506828,0.632343233
2021,118.5794864,32.06169142,145.37,0.648476124,0.115674175,0.000094015,0.638075829
2022,118.5793852,32.06170508,145.83,0.702169478,0.015649348,-0.000259502,0.701995015
2023,118.5793739,32.06170743,146.24,0.736981511,-0.000117001,-0.0030024,0.736975372
2024,,,,0.485487908,0.229471967,0.199309066,0.378572226
